clip_id,codec,shape,corr,kept_db,sign_agree,sign_agree_wtd
asv04,mp3_64,aware,0.9880467382383239,-0.3636697307229042,0.8247937056227211,0.972886860370636
asv04,mp3_64,mask_eq_energy,0.9852465360221654,-0.40613170713186264,0.9000466047098171,0.9827448129653931
asv04,mp3_64,mask_eq_quality,0.9373742226341165,0.013058456825092435,0.8154179345889191,0.94258052110672
asv04,mp3_64,flat,0.9746792773663708,-0.3540850058197975,0.9704197165337062,0.9948627948760986
asv04,mp3_32,aware,0.7606887548473573,1.0523518919944763,0.6501082874139869,0.8293028473854065
asv04,mp3_32,mask_eq_energy,0.7437852897534358,1.3889437913894653,0.7388765523480549,0.856703519821167
asv04,mp3_32,mask_eq_quality,0.4906410134755874,5.278744697570801,0.6440222606025715,0.7504597902297974
asv04,mp3_32,flat,0.627695565188085,1.2709330022335052,0.8809660882199742,0.9373387694358826
asv04,opus_32,aware,0.9004862328272052,-0.08495017886161804,0.7146969323135126,0.8962435126304626
asv04,opus_32,mask_eq_energy,0.8829789206096966,-0.014684280613437295,0.8105655618608987,0.9209326505661011
asv04,opus_32,mask_eq_quality,0.6175004309083757,1.8137344717979431,0.7004413740165035,0.8088022470474243
asv04,opus_32,flat,0.8148531569729863,-0.5719231814146042,0.9240891520684267,0.9712711572647095
asv04,opus_16,aware,0.6053367128102227,1.5924382209777832,0.5978835978835979,0.7350824475288391
asv04,opus_16,mask_eq_energy,0.5210939820959187,1.66000097990036,0.6726704498725224,0.7636922001838684
asv04,opus_16,mask_eq_quality,0.20524728598973022,6.443299055099487,0.5781999616196507,0.6251218914985657
asv04,opus_16,flat,0.4465470580832422,0.9601558744907379,0.8625709351097952,0.9161558151245117
