attack,bit_acc,bit_acc_std,ber,perfect,ge08,conf,n
clean,0.9966666666666666,0.012685406585123137,0.0033333333333333335,0.9333333333333333,1.0,0.999343835650449,30
mp3_128,0.9966666666666666,0.012685406585123137,0.0033333333333333335,0.9333333333333333,1.0,0.9993341927079882,30
mp3_64,0.9966666666666666,0.012685406585123137,0.0033333333333333335,0.9333333333333333,1.0,0.999047473442106,30
awgn_25,0.9966666666666666,0.012685406585123137,0.0033333333333333335,0.9333333333333333,1.0,0.9817281688372506,30
resample_8k,0.9966666666666666,0.012685406585123137,0.0033333333333333335,0.9333333333333333,1.0,0.9984200358856202,30
lowpass_6k,0.9966666666666666,0.012685406585123137,0.0033333333333333335,0.9333333333333333,1.0,0.9993437636993164,30
amp_0.6,0.9966666666666666,0.012685406585123137,0.0033333333333333335,0.9333333333333333,1.0,0.9993438357874118,30
amp_1.4,0.9966666666666666,0.012685406585123137,0.0033333333333333335,0.9333333333333333,1.0,0.9993438360423552,30
requant_8bit,0.9966666666666666,0.012685406585123137,0.0033333333333333335,0.9333333333333333,1.0,0.9986204709382318,30
median_3,0.9833333333333333,0.04011477785428771,0.016666666666666666,0.8,1.0,0.9713301288446172,30
crop_2048,0.9966666666666666,0.012685406585123137,0.0033333333333333335,0.9333333333333333,1.0,0.999389755495267,30
crop_6144,0.9966666666666666,0.012685406585123137,0.0033333333333333335,0.9333333333333333,1.0,0.9993881476406601,30
