n_coeffs,n_freq_bins,n_frames,tolerance_db,util_mean,util_median,frac_util_gt_0p95,frac_util_gt_0p5,frac_util_lt_0p05,quiet_util_mean,loud_util_mean,quiet_frac_sat,loud_frac_sat,sat_pushed_up,spearman_frame_energy_vs_util,rel_change_energy_db,clip_id
38600,193,200,6.0,0.952604353427887,1.0,0.8976165803108809,0.9564507772020725,0.004093264248704663,0.9986894726753235,0.9029272794723511,0.9978238341968912,0.7642487046632125,0.48496305703070886,-0.8939707678001771,-6.82094144821167,asv00
44390,193,230,6.0,0.9552146196365356,1.0,0.8982203198918676,0.9594277990538409,0.003424194638432079,0.9982110857963562,0.9141454100608826,0.9966660659578302,0.7788790773112273,0.4785814606741573,-0.8340951349373849,-6.9592437744140625,asv01
46320,193,240,6.0,0.9709042310714722,1.0,0.938493091537133,0.9720639032815198,0.002547495682210708,0.9931702017784119,0.9386899471282959,0.9867012089810018,0.8593264248704663,0.5008166363782752,-0.7434573516901333,-6.407432556152344,asv02
62339,193,323,6.0,0.9641513824462891,1.0,0.9236433051540769,0.9665698840212387,0.0031280578770913874,0.996694028377533,0.9218698740005493,0.993776066730831,0.8207250561437279,0.4846732315601174,-0.8675361981981683,-6.877406120300293,asv03
36477,193,189,6.0,0.9241154789924622,1.0,0.8198865038243277,0.9333826794966691,0.0070181210077583135,0.9894964098930359,0.9011827111244202,0.9797149122807017,0.7347587719298245,0.46032701374260204,-0.44955819687616533,-7.721291542053223,asv04
51531,193,267,6.0,0.9564817547798157,1.0,0.9027575634084337,0.9608197007626478,0.003745318352059925,0.9965738654136658,0.9323242902755737,0.9934021578824808,0.8238764262982224,0.46859415305245056,-0.685506157993071,-6.867344856262207,asv05
53654,193,278,6.0,0.9459179639816284,1.0,0.8767659447571476,0.9513549781936109,0.004789950423081224,0.9962138533592224,0.9123989939689636,0.9929178470254958,0.7670344416281497,0.4591641511840483,-0.801331907326481,-6.691567897796631,asv06
52110,193,270,6.0,0.9562302231788635,1.0,0.9059681443101132,0.9593935904816734,0.004087507196315486,0.9976890087127686,0.9254913330078125,0.9951642615904206,0.8196192815474362,0.49944926922262234,-0.756527725401809,-7.149639129638672,asv07
40144,193,208,6.0,0.9485659003257751,1.0,0.8835193304105221,0.9541899163013152,0.004234754882423276,0.9972129464149475,0.8943685293197632,0.9948186528497409,0.7298724591470706,0.483139731589038,-0.8257127331198716,-6.828318119049072,asv08
50373,193,261,6.0,0.9624214172363281,1.0,0.9163242213090346,0.965795168046374,0.0036527504814086913,0.9966975450515747,0.9275057315826416,0.9939653803398444,0.8141972367794188,0.470276008492569,-0.804941881658329,-6.425900936126709,asv09
44390,193,230,6.0,0.9623242020606995,1.0,0.9172336111736877,0.9651498085154314,0.0031538634827663887,0.9966673254966736,0.9256232380867004,0.9934222382411245,0.8187961794918003,0.4612437371058061,-0.8684946324047339,-6.922657012939453,asv10
48829,193,253,6.0,0.953948438167572,1.0,0.8997112371746299,0.9573409244506338,0.004341682197055029,0.9975892901420593,0.9080946445465088,0.9948394495412844,0.7763761467889908,0.47901302012200675,-0.8229121221940627,-6.433470726013184,asv11
36670,193,190,6.0,0.9513909816741943,1.0,0.8915734933187892,0.956285792200709,0.0045268611944368695,0.9959250092506409,0.9212106466293335,0.9917102966841187,0.7974476439790575,0.4751330519361351,-0.753467031193401,-7.455249309539795,asv12
52496,193,272,6.0,0.9653242826461792,1.0,0.9243942395611094,0.9679023163669613,0.0029526059128314537,0.9969816207885742,0.9299073815345764,0.9946662602864981,0.8305394696738799,0.4592288828899376,-0.8234788485161706,-6.445430755615234,asv13
39179,193,203,6.0,0.9479548931121826,1.0,0.8828709257510401,0.9528318742183313,0.00413486816917226,0.995437502861023,0.911750853061676,0.9920367534456356,0.7668198060234813,0.47215958369470945,-0.7454710567649316,-6.919585227966309,asv14
59830,193,310,6.0,0.9454466104507446,1.0,0.8766337957546382,0.9507270600033428,0.004830352665886679,0.9927840232849121,0.9133375287055969,0.9868297900788876,0.7681508223024468,0.48084806192682417,-0.7919265235658526,-6.516798973083496,asv15
38600,193,200,6.0,0.9518019556999207,1.0,0.8905181347150259,0.9565803108808291,0.004015544041450777,0.9938001036643982,0.923484742641449,0.9884974093264248,0.7930569948186529,0.4854250305463432,-0.7945875565711432,-6.4851789474487305,asv16
46899,193,243,6.0,0.9424569606781006,1.0,0.8740484871745666,0.9466513145269622,0.0053306040640525385,0.9943646788597107,0.9149208068847656,0.9892537313432835,0.7760341151385928,0.5092701014832163,-0.7621635036865244,-6.614641189575195,asv17
48443,193,251,6.0,0.9509966969490051,1.0,0.8893544991020375,0.9558656565448053,0.0038602068410296636,0.9969831705093384,0.9249370098114014,0.9942201304599124,0.8004293617372636,0.465891418889121,-0.7003359763039424,-7.155786037445068,asv18
80288,193,416,6.0,0.9673923850059509,1.0,0.9271622160223196,0.9702321642088482,0.0027027700278995617,0.9981529116630554,0.9051745533943176,0.9966121960940614,0.7766042247907533,0.4836512627619559,-0.8825824386837168,-6.831438064575195,asv19
42267,193,219,6.0,0.9325861930847168,1.0,0.8460264508954977,0.9403790190929093,0.00598575721011664,0.9878862500190735,0.9073686003684998,0.9766253430491152,0.7581148859657424,0.47107022008445426,-0.6903138460132303,-6.781439304351807,asv20
52110,193,270,6.0,0.9557375907897949,1.0,0.9002110919209365,0.9602187679907888,0.0036845135290731147,0.9983760118484497,0.9122920036315918,0.9973134786613448,0.7731808412649678,0.4668514176081859,-0.8336600476771892,-6.566927909851074,asv21
47478,193,246,6.0,0.9526785016059875,1.0,0.8896120308353342,0.9580226631281857,0.0040650406504065045,0.9968047142028809,0.92125403881073,0.9941027801179444,0.7895534962089301,0.4637876743139901,-0.7071600165444671,-6.651511192321777,asv22
51531,193,267,6.0,0.9593214392662048,1.0,0.9150996487551183,0.9613436572160448,0.00382294153034096,0.9944851994514465,0.90717613697052,0.9894434526119693,0.7937592175735465,0.46503096106539993,-0.8928118964387534,-6.587082862854004,asv23
37056,193,192,6.0,0.94113689661026,1.0,0.8715457685664939,0.9461085924006909,0.004668609671848014,0.9908590912818909,0.9220191836357117,0.9821891191709845,0.7976036269430051,0.47838741639831556,-0.5134128265394088,-7.565728187561035,asv24
53075,193,275,6.0,0.9402704238891602,1.0,0.8599528968440886,0.9470748940178992,0.005087140838436175,0.9902328848838806,0.9132817983627319,0.9798025472906775,0.7619262943703369,0.4683843828053109,-0.7068653529903928,-6.677103042602539,asv25
42653,193,221,6.0,0.9479374885559082,1.0,0.8865261529083535,0.9521956251611844,0.004642111926476449,0.992688775062561,0.8924359083175659,0.9856526631657915,0.739403600900225,0.4768994790151535,-0.8174232652071161,-6.459188938140869,asv26
43811,193,227,6.0,0.9442521929740906,1.0,0.874346625276757,0.9489397639862135,0.004587888886352742,0.9933424592018127,0.9267216920852661,0.9882224048205971,0.8036154478225144,0.4677335143319584,-0.5187979697266509,-6.542473316192627,asv27
40337,193,209,6.0,0.9578099250793457,1.0,0.9067357512953368,0.9612266653444728,0.0033963854525621636,0.9961968064308167,0.9049062728881836,0.9933564700049579,0.7704511650966782,0.4766097060833903,-0.8631493176937035,-6.99061918258667,asv28
49408,193,256,6.0,0.9434958100318909,1.0,0.8690900259067358,0.950230731865285,0.0046753562176165804,0.992917537689209,0.9160207509994507,0.9861560880829016,0.7719397668393783,0.4691895668374476,-0.6728893784511258,-6.719601154327393,asv29
