clip_id,attack,bit_acc,ber,conf
asv18,clean,0.95,0.050000000000000044,0.9998168571399321
asv18,mp3_128,0.95,0.050000000000000044,0.999816701397924
asv18,mp3_64,0.95,0.050000000000000044,0.9997444038290436
asv18,awgn_25,0.95,0.050000000000000044,0.997877087692342
asv18,resample_8k,0.95,0.050000000000000044,0.9993860844016687
asv18,lowpass_6k,0.95,0.050000000000000044,0.9998168143690482
asv18,amp_0.6,0.95,0.050000000000000044,0.9998168571399321
asv18,amp_1.4,0.95,0.050000000000000044,0.9998168573397728
asv18,requant_8bit,0.95,0.050000000000000044,0.9996991583905679
asv18,median_3,0.95,0.050000000000000044,0.9984730708361489
asv18,crop_2048,0.95,0.050000000000000044,0.9998300049328701
asv18,crop_6144,0.95,0.050000000000000044,0.9998256687453655
