clip_id,condition,start_s,bit_acc,conf,win_dbfs,win_band_db,speech_frac,wm_change_db
asv27,clean,0.0,0.6,0.2631295586813385,-19.582860280717192,-8.690642194949309,0.45454545454545453,-41.144998587786574
asv27,clean,0.25,0.9,0.3221876354180353,-15.917463022850825,4.075998711846395,0.696969696969697,-39.30207318724321
asv27,clean,0.5,0.8,0.48224678662617027,-14.455623758402796,6.247139191973357,0.6666666666666666,-35.36837473136155
asv27,clean,0.75,1.0,0.7859887480784989,-13.526861413605634,7.9370704663959355,0.9393939393939394,-33.624355447167574
asv27,clean,1.0,1.0,0.5995050988610534,-13.750943690799314,11.82884981876051,0.9090909090909091,-33.06527375334932
asv27,clean,1.25,1.0,0.6466979114513072,-15.063886021102885,10.830652821857573,1.0,-33.35531076188728
asv27,clean,1.5,1.0,0.6154466849562995,-15.454999964731915,5.980219859832985,0.9696969696969697,-31.909520485319703
asv27,clean,1.75,1.0,0.513517652011684,-16.111226106430866,9.903148079411025,1.0,-32.64418153751654
asv27,clean,2.0,1.0,0.8203074195586018,-16.893826450179006,12.075258725984382,1.0,-32.81136006967448
asv27,clean,2.25,0.95,0.785512982494155,-17.321500876983634,9.533644508761626,1.0,-32.71626295348062
asv27,clean,2.5,0.95,0.6174804250599186,-19.662966541728064,5.686087277593556,0.7878787878787878,-37.36622420914016
asv27,mp3_64,0.0,0.65,0.21079910883544944,-19.582860280717192,-8.690642194949309,0.45454545454545453,
asv27,mp3_64,0.25,0.9,0.3585167120951329,-15.917463022850825,4.075998711846395,0.696969696969697,
asv27,mp3_64,0.5,0.8,0.4658100217559109,-14.455623758402796,6.247139191973357,0.6666666666666666,
asv27,mp3_64,0.75,1.0,0.7718763343876588,-13.526861413605634,7.9370704663959355,0.9393939393939394,
asv27,mp3_64,1.0,1.0,0.5836931234963901,-13.750943690799314,11.82884981876051,0.9090909090909091,
asv27,mp3_64,1.25,1.0,0.6688869897485853,-15.063886021102885,10.830652821857573,1.0,
asv27,mp3_64,1.5,1.0,0.6128782786377497,-15.454999964731915,5.980219859832985,0.9696969696969697,
asv27,mp3_64,1.75,1.0,0.5221744874787818,-16.111226106430866,9.903148079411025,1.0,
asv27,mp3_64,2.0,1.0,0.816060871735031,-16.893826450179006,12.075258725984382,1.0,
asv27,mp3_64,2.25,0.95,0.7811907378215633,-17.321500876983634,9.533644508761626,1.0,
asv27,mp3_64,2.5,0.95,0.6435668028221078,-19.662966541728064,5.686087277593556,0.7878787878787878,
asv27,awgn_25,0.0,0.7,0.19254118359306216,-19.582860280717192,-8.690642194949309,0.45454545454545453,
asv27,awgn_25,0.25,0.8,0.19708732365324017,-15.917463022850825,4.075998711846395,0.696969696969697,
asv27,awgn_25,0.5,0.85,0.28230798288500997,-14.455623758402796,6.247139191973357,0.6666666666666666,
asv27,awgn_25,0.75,0.95,0.6474501679936294,-13.526861413605634,7.9370704663959355,0.9393939393939394,
asv27,awgn_25,1.0,0.95,0.42418293215579506,-13.750943690799314,11.82884981876051,0.9090909090909091,
asv27,awgn_25,1.25,0.95,0.3404229697653684,-15.063886021102885,10.830652821857573,1.0,
asv27,awgn_25,1.5,1.0,0.2576924830169282,-15.454999964731915,5.980219859832985,0.9696969696969697,
asv27,awgn_25,1.75,0.9,0.36626373214739943,-16.111226106430866,9.903148079411025,1.0,
asv27,awgn_25,2.0,0.9,0.7177994817009618,-16.893826450179006,12.075258725984382,1.0,
asv27,awgn_25,2.25,0.85,0.5826319424789237,-17.321500876983634,9.533644508761626,1.0,
asv27,awgn_25,2.5,0.9,0.3413769269563846,-19.662966541728064,5.686087277593556,0.7878787878787878,
