target,attack,strength_label,strength_x,watermark,bit_acc,ber,conf,detected
audioseal,time_stretch,0.7,0.7,AudioSeal,0.75,0.25,0.199,0
audioseal,time_stretch,0.9,0.9,AudioSeal,0.625,0.375,0.313,0
audioseal,time_stretch,1.1,1.1,AudioSeal,0.812,0.188,0.324,1
audioseal,time_stretch,1.3,1.3,AudioSeal,0.688,0.312,0.234,0
audioseal,time_stretch,1.5,1.5,AudioSeal,0.75,0.25,0.178,0
audioseal,gaussian_noise,40dB,40.0,AudioSeal,1.0,0.0,1.0,1
audioseal,gaussian_noise,30dB,30.0,AudioSeal,1.0,0.0,0.801,1
audioseal,gaussian_noise,20dB,20.0,AudioSeal,1.0,0.0,0.529,1
audioseal,gaussian_noise,10dB,10.0,AudioSeal,0.875,0.125,0.339,1
audioseal,gaussian_noise,5dB,5.0,AudioSeal,0.75,0.25,0.277,0
audioseal,background_noise,40dB,40.0,AudioSeal,1.0,0.0,0.996,1
audioseal,background_noise,30dB,30.0,AudioSeal,1.0,0.0,0.803,1
audioseal,background_noise,20dB,20.0,AudioSeal,1.0,0.0,0.484,1
audioseal,background_noise,10dB,10.0,AudioSeal,0.875,0.125,0.368,1
audioseal,background_noise,5dB,5.0,AudioSeal,0.812,0.188,0.277,1
audioseal,opus,16k,16.0,AudioSeal,1.0,0.0,0.994,1
audioseal,opus,32k,32.0,AudioSeal,1.0,0.0,1.0,1
audioseal,opus,64k,64.0,AudioSeal,1.0,0.0,1.0,1
audioseal,opus,128k,128.0,AudioSeal,1.0,0.0,1.0,1
audioseal,opus,256k,256.0,AudioSeal,1.0,0.0,1.0,1
audioseal,encodec,1.5kbps,1.5,AudioSeal,0.625,0.375,0.404,0
audioseal,encodec,3.0kbps,3.0,AudioSeal,0.688,0.312,0.496,0
audioseal,encodec,6.0kbps,6.0,AudioSeal,0.688,0.312,0.584,0
audioseal,encodec,12.0kbps,12.0,AudioSeal,0.938,0.062,0.666,1
audioseal,encodec,24.0kbps,24.0,AudioSeal,1.0,0.0,0.763,1
audioseal,quantization,4lvl,4.0,AudioSeal,0.625,0.375,0.139,0
audioseal,quantization,8lvl,8.0,AudioSeal,0.5,0.5,0.127,0
audioseal,quantization,16lvl,16.0,AudioSeal,0.812,0.188,0.248,1
audioseal,quantization,32lvl,32.0,AudioSeal,0.875,0.125,0.276,1
audioseal,quantization,64lvl,64.0,AudioSeal,1.0,0.0,0.401,1
audioseal,highpass,0.1,0.1,AudioSeal,0.562,0.438,0.508,0
audioseal,highpass,0.2,0.2,AudioSeal,0.625,0.375,0.202,0
audioseal,highpass,0.3,0.3,AudioSeal,0.438,0.562,0.0,0
audioseal,highpass,0.4,0.4,AudioSeal,0.5,0.5,0.0,0
audioseal,highpass,0.5,0.5,AudioSeal,0.5,0.5,0.0,0
audioseal,lowpass,0.1,0.1,AudioSeal,1.0,0.0,1.0,1
audioseal,lowpass,0.2,0.2,AudioSeal,1.0,0.0,1.0,1
audioseal,lowpass,0.3,0.3,AudioSeal,1.0,0.0,1.0,1
audioseal,lowpass,0.4,0.4,AudioSeal,1.0,0.0,1.0,1
audioseal,lowpass,0.5,0.5,AudioSeal,1.0,0.0,1.0,1
audioseal,smooth,w6,6.0,AudioSeal,1.0,0.0,1.0,1
audioseal,smooth,w10,10.0,AudioSeal,1.0,0.0,1.0,1
audioseal,smooth,w14,14.0,AudioSeal,1.0,0.0,0.771,1
audioseal,smooth,w18,18.0,AudioSeal,1.0,0.0,0.503,1
audioseal,smooth,w22,22.0,AudioSeal,0.562,0.438,0.517,0
audioseal,echo,d0.1,0.1,AudioSeal,1.0,0.0,0.991,1
audioseal,echo,d0.3,0.3,AudioSeal,1.0,0.0,0.991,1
audioseal,echo,d0.5,0.5,AudioSeal,1.0,0.0,0.996,1
audioseal,echo,d0.7,0.7,AudioSeal,1.0,0.0,0.959,1
audioseal,echo,d0.9,0.9,AudioSeal,1.0,0.0,0.991,1
audioseal,mp3,8k,8.0,AudioSeal,1.0,0.0,0.529,1
audioseal,mp3,16k,16.0,AudioSeal,1.0,0.0,0.843,1
audioseal,mp3,24k,24.0,AudioSeal,1.0,0.0,0.998,1
audioseal,mp3,32k,32.0,AudioSeal,1.0,0.0,1.0,1
audioseal,mp3,40k,40.0,AudioSeal,1.0,0.0,1.0,1
audioseal,aac,8k,8.0,AudioSeal,1.0,0.0,0.933,1
audioseal,aac,40k,40.0,AudioSeal,1.0,0.0,0.999,1
audioseal,dynamic_compression,t-10_r2,2.0,AudioSeal,1.0,0.0,1.0,1
audioseal,dynamic_compression,t-30_r8,8.0,AudioSeal,1.0,0.0,0.997,1
audioseal,dynamic_expansion,t-10_r2,2.0,AudioSeal,0.938,0.062,0.613,1
audioseal,dynamic_expansion,t-30_r8,8.0,AudioSeal,1.0,0.0,0.677,1
audioseal,inverse_polarity,neg,0.0,AudioSeal,0.125,0.875,0.967,0
audioseal,time_jitter,s0.01,0.01,AudioSeal,1.0,0.0,1.0,1
audioseal,time_jitter,s0.5,0.5,AudioSeal,1.0,0.0,0.923,1
audioseal,phase_shift,1,1.0,AudioSeal,1.0,0.0,1.0,1
audioseal,phase_shift,-1000,-1000.0,AudioSeal,1.0,0.0,1.0,1
aware,time_stretch,0.7,0.7,AWARE,1.0,0.0,0.872,1
aware,time_stretch,0.9,0.9,AWARE,1.0,0.0,0.897,1
aware,time_stretch,1.1,1.1,AWARE,0.95,0.05,0.873,1
aware,time_stretch,1.3,1.3,AWARE,0.95,0.05,0.874,1
aware,time_stretch,1.5,1.5,AWARE,0.95,0.05,0.874,1
aware,gaussian_noise,40dB,40.0,AWARE,1.0,0.0,0.998,1
aware,gaussian_noise,30dB,30.0,AWARE,1.0,0.0,0.997,1
aware,gaussian_noise,20dB,20.0,AWARE,1.0,0.0,0.993,1
aware,gaussian_noise,10dB,10.0,AWARE,1.0,0.0,0.947,1
aware,gaussian_noise,5dB,5.0,AWARE,0.95,0.05,0.878,1
aware,background_noise,40dB,40.0,AWARE,1.0,0.0,0.998,1
aware,background_noise,30dB,30.0,AWARE,1.0,0.0,0.998,1
aware,background_noise,20dB,20.0,AWARE,1.0,0.0,0.997,1
aware,background_noise,10dB,10.0,AWARE,1.0,0.0,0.986,1
aware,background_noise,5dB,5.0,AWARE,1.0,0.0,0.963,1
aware,opus,16k,16.0,AWARE,1.0,0.0,0.853,1
aware,opus,32k,32.0,AWARE,1.0,0.0,0.972,1
aware,opus,64k,64.0,AWARE,1.0,0.0,0.997,1
aware,opus,128k,128.0,AWARE,1.0,0.0,0.998,1
aware,opus,256k,256.0,AWARE,1.0,0.0,0.998,1
aware,encodec,1.5kbps,1.5,AWARE,0.7,0.3,0.034,0
aware,encodec,3.0kbps,3.0,AWARE,0.7,0.3,0.067,0
aware,encodec,6.0kbps,6.0,AWARE,0.75,0.25,0.167,0
aware,encodec,12.0kbps,12.0,AWARE,0.8,0.2,0.269,1
aware,encodec,24.0kbps,24.0,AWARE,0.8,0.2,0.306,1
aware,quantization,4lvl,4.0,AWARE,0.7,0.3,0.149,0
aware,quantization,8lvl,8.0,AWARE,0.85,0.15,0.34,1
aware,quantization,16lvl,16.0,AWARE,0.9,0.1,0.676,1
aware,quantization,32lvl,32.0,AWARE,1.0,0.0,0.9,1
aware,quantization,64lvl,64.0,AWARE,1.0,0.0,0.969,1
aware,highpass,0.1,0.1,AWARE,0.9,0.1,0.632,1
aware,highpass,0.2,0.2,AWARE,0.65,0.35,0.243,0
aware,highpass,0.3,0.3,AWARE,0.95,0.05,0.529,1
aware,highpass,0.4,0.4,AWARE,1.0,0.0,0.716,1
aware,highpass,0.5,0.5,AWARE,0.65,0.35,0.052,0
aware,lowpass,0.1,0.1,AWARE,0.95,0.05,0.242,1
aware,lowpass,0.2,0.2,AWARE,1.0,0.0,0.998,1
aware,lowpass,0.3,0.3,AWARE,1.0,0.0,0.998,1
aware,lowpass,0.4,0.4,AWARE,1.0,0.0,0.998,1
aware,lowpass,0.5,0.5,AWARE,1.0,0.0,0.998,1
aware,smooth,w6,6.0,AWARE,1.0,0.0,0.913,1
aware,smooth,w10,10.0,AWARE,1.0,0.0,0.984,1
aware,smooth,w14,14.0,AWARE,1.0,0.0,0.934,1
aware,smooth,w18,18.0,AWARE,1.0,0.0,0.953,1
aware,smooth,w22,22.0,AWARE,1.0,0.0,0.916,1
aware,echo,d0.1,0.1,AWARE,1.0,0.0,0.986,1
aware,echo,d0.3,0.3,AWARE,1.0,0.0,0.99,1
aware,echo,d0.5,0.5,AWARE,1.0,0.0,0.99,1
aware,echo,d0.7,0.7,AWARE,1.0,0.0,0.99,1
aware,echo,d0.9,0.9,AWARE,1.0,0.0,0.991,1
aware,mp3,8k,8.0,AWARE,0.85,0.15,0.213,1
aware,mp3,16k,16.0,AWARE,1.0,0.0,0.957,1
aware,mp3,24k,24.0,AWARE,1.0,0.0,0.986,1
aware,mp3,32k,32.0,AWARE,1.0,0.0,0.99,1
aware,mp3,40k,40.0,AWARE,1.0,0.0,0.994,1
aware,aac,8k,8.0,AWARE,1.0,0.0,0.51,1
aware,aac,40k,40.0,AWARE,1.0,0.0,0.996,1
aware,dynamic_compression,t-10_r2,2.0,AWARE,1.0,0.0,0.998,1
aware,dynamic_compression,t-30_r8,8.0,AWARE,1.0,0.0,0.949,1
aware,dynamic_expansion,t-10_r2,2.0,AWARE,1.0,0.0,0.936,1
aware,dynamic_expansion,t-30_r8,8.0,AWARE,1.0,0.0,0.992,1
aware,inverse_polarity,neg,0.0,AWARE,1.0,0.0,0.998,1
aware,time_jitter,s0.01,0.01,AWARE,1.0,0.0,0.998,1
aware,time_jitter,s0.5,0.5,AWARE,1.0,0.0,0.981,1
aware,phase_shift,1,1.0,AWARE,1.0,0.0,0.998,1
aware,phase_shift,-1000,-1000.0,AWARE,1.0,0.0,0.998,1
timbre,time_stretch,0.7,0.7,Timbre,1.0,0.0,1.0,1
timbre,time_stretch,0.9,0.9,Timbre,1.0,0.0,1.0,1
timbre,time_stretch,1.1,1.1,Timbre,1.0,0.0,1.0,1
timbre,time_stretch,1.3,1.3,Timbre,1.0,0.0,1.0,1
timbre,time_stretch,1.5,1.5,Timbre,1.0,0.0,1.0,1
timbre,gaussian_noise,40dB,40.0,Timbre,1.0,0.0,1.0,1
timbre,gaussian_noise,30dB,30.0,Timbre,1.0,0.0,1.0,1
timbre,gaussian_noise,20dB,20.0,Timbre,1.0,0.0,1.0,1
timbre,gaussian_noise,10dB,10.0,Timbre,1.0,0.0,1.0,1
timbre,gaussian_noise,5dB,5.0,Timbre,0.8,0.2,0.8,1
timbre,background_noise,40dB,40.0,Timbre,1.0,0.0,1.0,1
timbre,background_noise,30dB,30.0,Timbre,1.0,0.0,1.0,1
timbre,background_noise,20dB,20.0,Timbre,1.0,0.0,1.0,1
timbre,background_noise,10dB,10.0,Timbre,1.0,0.0,1.0,1
timbre,background_noise,5dB,5.0,Timbre,1.0,0.0,1.0,1
timbre,opus,16k,16.0,Timbre,1.0,0.0,1.0,1
timbre,opus,32k,32.0,Timbre,1.0,0.0,1.0,1
timbre,opus,64k,64.0,Timbre,1.0,0.0,1.0,1
timbre,opus,128k,128.0,Timbre,1.0,0.0,1.0,1
timbre,opus,256k,256.0,Timbre,1.0,0.0,1.0,1
timbre,encodec,1.5kbps,1.5,Timbre,0.8,0.2,0.8,1
timbre,encodec,3.0kbps,3.0,Timbre,0.7,0.3,0.7,0
timbre,encodec,6.0kbps,6.0,Timbre,0.8,0.2,0.8,1
timbre,encodec,12.0kbps,12.0,Timbre,0.9,0.1,0.9,1
timbre,encodec,24.0kbps,24.0,Timbre,1.0,0.0,1.0,1
timbre,quantization,4lvl,4.0,Timbre,0.5,0.5,0.5,0
timbre,quantization,8lvl,8.0,Timbre,0.6,0.4,0.6,0
timbre,quantization,16lvl,16.0,Timbre,0.8,0.2,0.8,1
timbre,quantization,32lvl,32.0,Timbre,1.0,0.0,1.0,1
timbre,quantization,64lvl,64.0,Timbre,1.0,0.0,1.0,1
timbre,highpass,0.1,0.1,Timbre,1.0,0.0,1.0,1
timbre,highpass,0.2,0.2,Timbre,0.8,0.2,0.8,1
timbre,highpass,0.3,0.3,Timbre,0.7,0.3,0.7,0
timbre,highpass,0.4,0.4,Timbre,0.7,0.3,0.7,0
timbre,highpass,0.5,0.5,Timbre,0.4,0.6,0.4,0
timbre,lowpass,0.1,0.1,Timbre,0.9,0.1,0.9,1
timbre,lowpass,0.2,0.2,Timbre,1.0,0.0,1.0,1
timbre,lowpass,0.3,0.3,Timbre,1.0,0.0,1.0,1
timbre,lowpass,0.4,0.4,Timbre,1.0,0.0,1.0,1
timbre,lowpass,0.5,0.5,Timbre,1.0,0.0,1.0,1
timbre,smooth,w6,6.0,Timbre,1.0,0.0,1.0,1
timbre,smooth,w10,10.0,Timbre,1.0,0.0,1.0,1
timbre,smooth,w14,14.0,Timbre,1.0,0.0,1.0,1
timbre,smooth,w18,18.0,Timbre,0.9,0.1,0.9,1
timbre,smooth,w22,22.0,Timbre,0.9,0.1,0.9,1
timbre,echo,d0.1,0.1,Timbre,1.0,0.0,1.0,1
timbre,echo,d0.3,0.3,Timbre,1.0,0.0,1.0,1
timbre,echo,d0.5,0.5,Timbre,1.0,0.0,1.0,1
timbre,echo,d0.7,0.7,Timbre,1.0,0.0,1.0,1
timbre,echo,d0.9,0.9,Timbre,1.0,0.0,1.0,1
timbre,mp3,8k,8.0,Timbre,1.0,0.0,1.0,1
timbre,mp3,16k,16.0,Timbre,1.0,0.0,1.0,1
timbre,mp3,24k,24.0,Timbre,1.0,0.0,1.0,1
timbre,mp3,32k,32.0,Timbre,1.0,0.0,1.0,1
timbre,mp3,40k,40.0,Timbre,1.0,0.0,1.0,1
timbre,aac,8k,8.0,Timbre,1.0,0.0,1.0,1
timbre,aac,40k,40.0,Timbre,1.0,0.0,1.0,1
timbre,dynamic_compression,t-10_r2,2.0,Timbre,1.0,0.0,1.0,1
timbre,dynamic_compression,t-30_r8,8.0,Timbre,1.0,0.0,1.0,1
timbre,dynamic_expansion,t-10_r2,2.0,Timbre,1.0,0.0,1.0,1
timbre,dynamic_expansion,t-30_r8,8.0,Timbre,1.0,0.0,1.0,1
timbre,inverse_polarity,neg,0.0,Timbre,1.0,0.0,1.0,1
timbre,time_jitter,s0.01,0.01,Timbre,1.0,0.0,1.0,1
timbre,time_jitter,s0.5,0.5,Timbre,1.0,0.0,1.0,1
timbre,phase_shift,1,1.0,Timbre,1.0,0.0,1.0,1
timbre,phase_shift,-1000,-1000.0,Timbre,1.0,0.0,1.0,1
combined,time_stretch,0.7,0.7,AudioSeal,0.625,0.375,0.293,0
combined,time_stretch,0.7,0.7,AWARE,1.0,0.0,0.793,1
combined,time_stretch,0.7,0.7,Timbre,1.0,0.0,1.0,1
combined,time_stretch,0.9,0.9,AudioSeal,0.625,0.375,0.358,0
combined,time_stretch,0.9,0.9,AWARE,1.0,0.0,0.779,1
combined,time_stretch,0.9,0.9,Timbre,1.0,0.0,1.0,1
combined,time_stretch,1.1,1.1,AudioSeal,0.5,0.5,0.282,0
combined,time_stretch,1.1,1.1,AWARE,1.0,0.0,0.8,1
combined,time_stretch,1.1,1.1,Timbre,1.0,0.0,1.0,1
combined,time_stretch,1.3,1.3,AudioSeal,0.812,0.188,0.14,1
combined,time_stretch,1.3,1.3,AWARE,0.95,0.05,0.703,1
combined,time_stretch,1.3,1.3,Timbre,1.0,0.0,1.0,1
combined,time_stretch,1.5,1.5,AudioSeal,0.75,0.25,0.198,0
combined,time_stretch,1.5,1.5,AWARE,0.95,0.05,0.714,1
combined,time_stretch,1.5,1.5,Timbre,1.0,0.0,1.0,1
combined,gaussian_noise,40dB,40.0,AudioSeal,1.0,0.0,1.0,1
combined,gaussian_noise,40dB,40.0,AWARE,1.0,0.0,0.993,1
combined,gaussian_noise,40dB,40.0,Timbre,1.0,0.0,1.0,1
combined,gaussian_noise,30dB,30.0,AudioSeal,1.0,0.0,0.882,1
combined,gaussian_noise,30dB,30.0,AWARE,1.0,0.0,0.992,1
combined,gaussian_noise,30dB,30.0,Timbre,1.0,0.0,1.0,1
combined,gaussian_noise,20dB,20.0,AudioSeal,1.0,0.0,0.576,1
combined,gaussian_noise,20dB,20.0,AWARE,1.0,0.0,0.985,1
combined,gaussian_noise,20dB,20.0,Timbre,1.0,0.0,1.0,1
combined,gaussian_noise,10dB,10.0,AudioSeal,0.875,0.125,0.339,1
combined,gaussian_noise,10dB,10.0,AWARE,1.0,0.0,0.926,1
combined,gaussian_noise,10dB,10.0,Timbre,1.0,0.0,1.0,1
combined,gaussian_noise,5dB,5.0,AudioSeal,0.875,0.125,0.302,1
combined,gaussian_noise,5dB,5.0,AWARE,0.95,0.05,0.85,1
combined,gaussian_noise,5dB,5.0,Timbre,0.8,0.2,0.8,1
combined,background_noise,40dB,40.0,AudioSeal,1.0,0.0,1.0,1
combined,background_noise,40dB,40.0,AWARE,1.0,0.0,0.992,1
combined,background_noise,40dB,40.0,Timbre,1.0,0.0,1.0,1
combined,background_noise,30dB,30.0,AudioSeal,1.0,0.0,0.877,1
combined,background_noise,30dB,30.0,AWARE,1.0,0.0,0.992,1
combined,background_noise,30dB,30.0,Timbre,1.0,0.0,1.0,1
combined,background_noise,20dB,20.0,AudioSeal,1.0,0.0,0.585,1
combined,background_noise,20dB,20.0,AWARE,1.0,0.0,0.99,1
combined,background_noise,20dB,20.0,Timbre,1.0,0.0,1.0,1
combined,background_noise,10dB,10.0,AudioSeal,0.875,0.125,0.381,1
combined,background_noise,10dB,10.0,AWARE,1.0,0.0,0.974,1
combined,background_noise,10dB,10.0,Timbre,1.0,0.0,1.0,1
combined,background_noise,5dB,5.0,AudioSeal,0.875,0.125,0.293,1
combined,background_noise,5dB,5.0,AWARE,1.0,0.0,0.945,1
combined,background_noise,5dB,5.0,Timbre,1.0,0.0,1.0,1
combined,opus,16k,16.0,AudioSeal,1.0,0.0,0.989,1
combined,opus,16k,16.0,AWARE,1.0,0.0,0.743,1
combined,opus,16k,16.0,Timbre,1.0,0.0,1.0,1
combined,opus,32k,32.0,AudioSeal,1.0,0.0,0.999,1
combined,opus,32k,32.0,AWARE,1.0,0.0,0.94,1
combined,opus,32k,32.0,Timbre,1.0,0.0,1.0,1
combined,opus,64k,64.0,AudioSeal,1.0,0.0,1.0,1
combined,opus,64k,64.0,AWARE,1.0,0.0,0.99,1
combined,opus,64k,64.0,Timbre,1.0,0.0,1.0,1
combined,opus,128k,128.0,AudioSeal,1.0,0.0,1.0,1
combined,opus,128k,128.0,AWARE,1.0,0.0,0.992,1
combined,opus,128k,128.0,Timbre,1.0,0.0,1.0,1
combined,opus,256k,256.0,AudioSeal,1.0,0.0,1.0,1
combined,opus,256k,256.0,AWARE,1.0,0.0,0.992,1
combined,opus,256k,256.0,Timbre,1.0,0.0,1.0,1
combined,encodec,1.5kbps,1.5,AudioSeal,0.625,0.375,0.437,0
combined,encodec,1.5kbps,1.5,AWARE,0.7,0.3,0.038,0
combined,encodec,1.5kbps,1.5,Timbre,0.6,0.4,0.6,0
combined,encodec,3.0kbps,3.0,AudioSeal,0.625,0.375,0.515,0
combined,encodec,3.0kbps,3.0,AWARE,0.75,0.25,0.065,0
combined,encodec,3.0kbps,3.0,Timbre,0.8,0.2,0.8,1
combined,encodec,6.0kbps,6.0,AudioSeal,0.812,0.188,0.632,1
combined,encodec,6.0kbps,6.0,AWARE,0.75,0.25,0.126,0
combined,encodec,6.0kbps,6.0,Timbre,0.8,0.2,0.8,1
combined,encodec,12.0kbps,12.0,AudioSeal,1.0,0.0,0.71,1
combined,encodec,12.0kbps,12.0,AWARE,0.8,0.2,0.188,1
combined,encodec,12.0kbps,12.0,Timbre,0.9,0.1,0.9,1
combined,encodec,24.0kbps,24.0,AudioSeal,1.0,0.0,0.786,1
combined,encodec,24.0kbps,24.0,AWARE,0.8,0.2,0.29,1
combined,encodec,24.0kbps,24.0,Timbre,1.0,0.0,1.0,1
combined,quantization,4lvl,4.0,AudioSeal,0.625,0.375,0.316,0
combined,quantization,4lvl,4.0,AWARE,0.7,0.3,0.114,0
combined,quantization,4lvl,4.0,Timbre,0.7,0.3,0.7,0
combined,quantization,8lvl,8.0,AudioSeal,0.438,0.562,0.078,0
combined,quantization,8lvl,8.0,AWARE,0.85,0.15,0.209,1
combined,quantization,8lvl,8.0,Timbre,0.5,0.5,0.5,0
combined,quantization,16lvl,16.0,AudioSeal,0.938,0.062,0.244,1
combined,quantization,16lvl,16.0,AWARE,0.9,0.1,0.569,1
combined,quantization,16lvl,16.0,Timbre,1.0,0.0,1.0,1
combined,quantization,32lvl,32.0,AudioSeal,0.938,0.062,0.38,1
combined,quantization,32lvl,32.0,AWARE,1.0,0.0,0.882,1
combined,quantization,32lvl,32.0,Timbre,1.0,0.0,1.0,1
combined,quantization,64lvl,64.0,AudioSeal,0.875,0.125,0.485,1
combined,quantization,64lvl,64.0,AWARE,1.0,0.0,0.955,1
combined,quantization,64lvl,64.0,Timbre,1.0,0.0,1.0,1
combined,highpass,0.1,0.1,AudioSeal,0.562,0.438,0.089,0
combined,highpass,0.1,0.1,AWARE,0.85,0.15,0.529,1
combined,highpass,0.1,0.1,Timbre,1.0,0.0,1.0,1
combined,highpass,0.2,0.2,AudioSeal,0.5,0.5,0.104,0
combined,highpass,0.2,0.2,AWARE,0.65,0.35,0.33,0
combined,highpass,0.2,0.2,Timbre,0.8,0.2,0.8,1
combined,highpass,0.3,0.3,AudioSeal,0.438,0.562,0.0,0
combined,highpass,0.3,0.3,AWARE,0.85,0.15,0.472,1
combined,highpass,0.3,0.3,Timbre,0.6,0.4,0.6,0
combined,highpass,0.4,0.4,AudioSeal,0.438,0.562,0.0,0
combined,highpass,0.4,0.4,AWARE,0.95,0.05,0.616,1
combined,highpass,0.4,0.4,Timbre,0.7,0.3,0.7,0
combined,highpass,0.5,0.5,AudioSeal,0.5,0.5,0.0,0
combined,highpass,0.5,0.5,AWARE,0.65,0.35,0.054,0
combined,highpass,0.5,0.5,Timbre,0.4,0.6,0.4,0
combined,lowpass,0.1,0.1,AudioSeal,1.0,0.0,0.999,1
combined,lowpass,0.1,0.1,AWARE,0.95,0.05,0.235,1
combined,lowpass,0.1,0.1,Timbre,0.9,0.1,0.9,1
combined,lowpass,0.2,0.2,AudioSeal,1.0,0.0,1.0,1
combined,lowpass,0.2,0.2,AWARE,1.0,0.0,0.992,1
combined,lowpass,0.2,0.2,Timbre,1.0,0.0,1.0,1
combined,lowpass,0.3,0.3,AudioSeal,1.0,0.0,1.0,1
combined,lowpass,0.3,0.3,AWARE,1.0,0.0,0.992,1
combined,lowpass,0.3,0.3,Timbre,1.0,0.0,1.0,1
combined,lowpass,0.4,0.4,AudioSeal,1.0,0.0,1.0,1
combined,lowpass,0.4,0.4,AWARE,1.0,0.0,0.992,1
combined,lowpass,0.4,0.4,Timbre,1.0,0.0,1.0,1
combined,lowpass,0.5,0.5,AudioSeal,1.0,0.0,1.0,1
combined,lowpass,0.5,0.5,AWARE,1.0,0.0,0.992,1
combined,lowpass,0.5,0.5,Timbre,1.0,0.0,1.0,1
combined,smooth,w6,6.0,AudioSeal,1.0,0.0,0.999,1
combined,smooth,w6,6.0,AWARE,1.0,0.0,0.84,1
combined,smooth,w6,6.0,Timbre,1.0,0.0,1.0,1
combined,smooth,w10,10.0,AudioSeal,1.0,0.0,0.999,1
combined,smooth,w10,10.0,AWARE,1.0,0.0,0.959,1
combined,smooth,w10,10.0,Timbre,1.0,0.0,1.0,1
combined,smooth,w14,14.0,AudioSeal,1.0,0.0,0.999,1
combined,smooth,w14,14.0,AWARE,1.0,0.0,0.874,1
combined,smooth,w14,14.0,Timbre,1.0,0.0,1.0,1
combined,smooth,w18,18.0,AudioSeal,1.0,0.0,0.541,1
combined,smooth,w18,18.0,AWARE,1.0,0.0,0.91,1
combined,smooth,w18,18.0,Timbre,0.9,0.1,0.9,1
combined,smooth,w22,22.0,AudioSeal,0.562,0.438,0.526,0
combined,smooth,w22,22.0,AWARE,1.0,0.0,0.844,1
combined,smooth,w22,22.0,Timbre,0.9,0.1,0.9,1
combined,echo,d0.1,0.1,AudioSeal,1.0,0.0,0.992,1
combined,echo,d0.1,0.1,AWARE,1.0,0.0,0.97,1
combined,echo,d0.1,0.1,Timbre,1.0,0.0,1.0,1
combined,echo,d0.3,0.3,AudioSeal,1.0,0.0,0.992,1
combined,echo,d0.3,0.3,AWARE,1.0,0.0,0.978,1
combined,echo,d0.3,0.3,Timbre,1.0,0.0,1.0,1
combined,echo,d0.5,0.5,AudioSeal,1.0,0.0,0.997,1
combined,echo,d0.5,0.5,AWARE,1.0,0.0,0.977,1
combined,echo,d0.5,0.5,Timbre,1.0,0.0,1.0,1
combined,echo,d0.7,0.7,AudioSeal,1.0,0.0,0.973,1
combined,echo,d0.7,0.7,AWARE,1.0,0.0,0.977,1
combined,echo,d0.7,0.7,Timbre,1.0,0.0,1.0,1
combined,echo,d0.9,0.9,AudioSeal,1.0,0.0,0.993,1
combined,echo,d0.9,0.9,AWARE,1.0,0.0,0.978,1
combined,echo,d0.9,0.9,Timbre,1.0,0.0,1.0,1
combined,mp3,8k,8.0,AudioSeal,1.0,0.0,0.568,1
combined,mp3,8k,8.0,AWARE,0.85,0.15,0.163,1
combined,mp3,8k,8.0,Timbre,1.0,0.0,1.0,1
combined,mp3,16k,16.0,AudioSeal,1.0,0.0,0.933,1
combined,mp3,16k,16.0,AWARE,1.0,0.0,0.904,1
combined,mp3,16k,16.0,Timbre,1.0,0.0,1.0,1
combined,mp3,24k,24.0,AudioSeal,1.0,0.0,0.997,1
combined,mp3,24k,24.0,AWARE,1.0,0.0,0.972,1
combined,mp3,24k,24.0,Timbre,1.0,0.0,1.0,1
combined,mp3,32k,32.0,AudioSeal,1.0,0.0,0.997,1
combined,mp3,32k,32.0,AWARE,1.0,0.0,0.976,1
combined,mp3,32k,32.0,Timbre,1.0,0.0,1.0,1
combined,mp3,40k,40.0,AudioSeal,1.0,0.0,0.999,1
combined,mp3,40k,40.0,AWARE,1.0,0.0,0.986,1
combined,mp3,40k,40.0,Timbre,1.0,0.0,1.0,1
combined,aac,8k,8.0,AudioSeal,1.0,0.0,0.866,1
combined,aac,8k,8.0,AWARE,0.95,0.05,0.422,1
combined,aac,8k,8.0,Timbre,1.0,0.0,1.0,1
combined,aac,40k,40.0,AudioSeal,1.0,0.0,0.996,1
combined,aac,40k,40.0,AWARE,1.0,0.0,0.988,1
combined,aac,40k,40.0,Timbre,1.0,0.0,1.0,1
combined,dynamic_compression,t-10_r2,2.0,AudioSeal,1.0,0.0,1.0,1
combined,dynamic_compression,t-10_r2,2.0,AWARE,1.0,0.0,0.992,1
combined,dynamic_compression,t-10_r2,2.0,Timbre,1.0,0.0,1.0,1
combined,dynamic_compression,t-30_r8,8.0,AudioSeal,1.0,0.0,0.997,1
combined,dynamic_compression,t-30_r8,8.0,AWARE,0.95,0.05,0.889,1
combined,dynamic_compression,t-30_r8,8.0,Timbre,1.0,0.0,1.0,1
combined,dynamic_expansion,t-10_r2,2.0,AudioSeal,1.0,0.0,0.681,1
combined,dynamic_expansion,t-10_r2,2.0,AWARE,1.0,0.0,0.895,1
combined,dynamic_expansion,t-10_r2,2.0,Timbre,1.0,0.0,1.0,1
combined,dynamic_expansion,t-30_r8,8.0,AudioSeal,1.0,0.0,0.706,1
combined,dynamic_expansion,t-30_r8,8.0,AWARE,1.0,0.0,0.981,1
combined,dynamic_expansion,t-30_r8,8.0,Timbre,1.0,0.0,1.0,1
combined,inverse_polarity,neg,0.0,AudioSeal,0.125,0.875,0.962,0
combined,inverse_polarity,neg,0.0,AWARE,1.0,0.0,0.992,1
combined,inverse_polarity,neg,0.0,Timbre,1.0,0.0,1.0,1
combined,time_jitter,s0.01,0.01,AudioSeal,1.0,0.0,1.0,1
combined,time_jitter,s0.01,0.01,AWARE,1.0,0.0,0.992,1
combined,time_jitter,s0.01,0.01,Timbre,1.0,0.0,1.0,1
combined,time_jitter,s0.5,0.5,AudioSeal,1.0,0.0,0.958,1
combined,time_jitter,s0.5,0.5,AWARE,1.0,0.0,0.957,1
combined,time_jitter,s0.5,0.5,Timbre,1.0,0.0,1.0,1
combined,phase_shift,1,1.0,AudioSeal,1.0,0.0,1.0,1
combined,phase_shift,1,1.0,AWARE,1.0,0.0,0.992,1
combined,phase_shift,1,1.0,Timbre,1.0,0.0,1.0,1
combined,phase_shift,-1000,-1000.0,AudioSeal,1.0,0.0,1.0,1
combined,phase_shift,-1000,-1000.0,AWARE,1.0,0.0,0.992,1
combined,phase_shift,-1000,-1000.0,Timbre,1.0,0.0,1.0,1
